{"cameraMode":{"drawMode":0,"name":"Shaded","section":"Shading Mode"},"sceneLighting":true,"audioPlay":false,"sceneViewState":{"showFog":true,"showMaterialUpdate":false,"showSkybox":true,"showFlares":true,"showImageEffects":true,"showParticleSystems":true},"in2DMode":false,"pivot":{"x":-0.21698033809661866,"y":-0.09822988510131836,"z":1.9020423889160157},"rotation":{"x":-0.2263311743736267,"y":0.002042713575065136,"z":-0.000474642583867535,"w":-0.9740481972694397},"size":9.62244987487793,"orthographic":false}