{"cameraMode":{"drawMode":0,"name":"Shaded","section":"Shading Mode"},"sceneLighting":true,"audioPlay":false,"sceneViewState":{"showFog":true,"showMaterialUpdate":false,"showSkybox":true,"showFlares":true,"showImageEffects":true,"showParticleSystems":true},"in2DMode":false,"pivot":{"x":3.672410011291504,"y":0.5289791822433472,"z":-0.9258558750152588},"rotation":{"x":0.014478328637778759,"y":0.9816070795059204,"z":-0.1713407188653946,"w":0.08294732123613358},"size":15.788908004760743,"orthographic":false}