{"cameraMode":{"drawMode":0,"name":"Shaded","section":"Shading Mode"},"sceneLighting":false,"audioPlay":false,"sceneViewState":{"showFog":true,"showMaterialUpdate":false,"showSkybox":true,"showFlares":true,"showImageEffects":true,"showParticleSystems":true},"in2DMode":false,"pivot":{"x":132.39999389648438,"y":37.69999694824219,"z":0.0},"rotation":{"x":-0.0063065700232982639,"y":-0.03308200091123581,"z":0.00021015065431129187,"w":-0.9994328022003174},"size":389.2931823730469,"orthographic":false}